design,unit_id,K,panel_size,retained_fraction,seed
panel,151507,7,500,1.0,26090401
panel,151507,7,500,1.0,26090402
panel,151507,7,500,1.0,26090403
panel,151507,7,1000,1.0,26090401
panel,151507,7,1000,1.0,26090402
panel,151507,7,1000,1.0,26090403
panel,151507,7,2000,1.0,26090401
panel,151507,7,2000,1.0,26090402
panel,151507,7,2000,1.0,26090403
panel,151507,7,5000,1.0,26090401
panel,151507,7,5000,1.0,26090402
panel,151507,7,5000,1.0,26090403
panel,151669,7,500,1.0,26090401
panel,151669,7,500,1.0,26090402
panel,151669,7,500,1.0,26090403
panel,151669,7,1000,1.0,26090401
panel,151669,7,1000,1.0,26090402
panel,151669,7,1000,1.0,26090403
panel,151669,7,2000,1.0,26090401
panel,151669,7,2000,1.0,26090402
panel,151669,7,2000,1.0,26090403
panel,151669,7,5000,1.0,26090401
panel,151669,7,5000,1.0,26090402
panel,151669,7,5000,1.0,26090403
panel,151673,7,500,1.0,26090401
panel,151673,7,500,1.0,26090402
panel,151673,7,500,1.0,26090403
panel,151673,7,1000,1.0,26090401
panel,151673,7,1000,1.0,26090402
panel,151673,7,1000,1.0,26090403
panel,151673,7,2000,1.0,26090401
panel,151673,7,2000,1.0,26090402
panel,151673,7,2000,1.0,26090403
panel,151673,7,5000,1.0,26090401
panel,151673,7,5000,1.0,26090402
panel,151673,7,5000,1.0,26090403
