,src,tgt,distance
0,30,85,79.93122043357026
1,30,2,152.12166183683374
2,30,45,103.57605900979242
3,515,433,98.35141076771599
4,515,592,79.05694150420949
5,515,569,42.2965719651132
6,515,572,49.64876634922564
7,1596,1602,39.11521443121589
8,1596,1583,18.027756377319946
9,1596,1526,5978.0
10,106,85,31.240998703626616
11,17,14,58.82176467941097
12,17,44,44.82186966202994
13,14,36,41.23105625617661
14,724,782,38.3275357934736
15,724,714,24.698178070456937
16,724,678,39.395431207184416
17,823,782,31.016124838541646
18,823,837,61.0
19,823,806,22.360679774997898
20,654,607,38.07886552931954
21,654,678,39.11521443121589
22,607,543,48.010415536631214
23,637,662,27.586228448267445
24,637,611,28.42534080710379
25,662,638,43.657759905886145
26,619,691,64.4980619863884
27,619,707,69.00724599634447
28,619,579,46.61544808322666
29,619,570,4618.0
30,1000,1001,19.235384061671343
31,1000,1080,51.92301994298868
32,1000,949,36.6742416417845
33,1000,958,40.85339643163099
34,589,603,25.298221281347036
35,589,649,43.32435804486894
36,589,600,20.248456731316587
37,589,569,21.213203435596427
38,589,572,24.08318915758459
39,600,649,34.36568055487916
40,600,592,24.515301344262525
41,600,569,32.2490309931942
42,569,592,46.14108798023731
43,569,572,21.587033144922902
44,572,603,24.73863375370596
45,603,649,50.32891812864648
46,603,667,42.95346318982906
47,46,34,72.78049189171504
48,46,72,34.20526275297414
49,46,64,26.1725046566048
50,72,140,63.28506932918696
51,72,64,41.0
52,72,197,171.21331723905124
53,881,885,30.4138126514911
54,881,850,27.80287754891569
55,881,866,31.78049716414141
56,881,910,18.439088914585774
57,949,885,45.617978911828175
58,949,910,31.304951684997057
59,949,958,31.400636936215164
60,949,971,42.04759208325728
61,617,633,43.68065933568311
62,617,664,53.009433122794285
63,617,690,65.7419196555744
64,617,602,29.546573405388315
65,617,585,37.8021163428716
66,649,661,41.19465984809196
67,649,592,48.60041152089147
68,649,698,39.319206502675
69,649,671,24.08318915758459
70,649,667,30.364452901377952
71,615,578,34.058772731852805
72,615,633,23.769728648009426
73,615,632,25.079872407968907
74,615,677,43.289721643826724
75,633,677,43.41658669218482
76,633,690,48.76474136094644
77,1138,1085,48.79549159502341
78,1138,1002,84.0
79,1138,1173,37.013511046643494
80,1138,1181,30.0
81,1138,1162,21.95449840010015
82,1002,937,44.553338819890925
83,1002,972,33.83784863137726
84,1002,1085,59.64059020499378
85,1002,1065,76.92203845452875
86,9,1,53.48831648126533
87,9,7,23.08679276123039
88,9,18,43.829214001622255
89,9,26,54.037024344425184
90,9,28,39.20459156782532
91,41,74,41.86884283091664
92,41,54,23.600847442411894
93,41,26,28.600699292150182
94,41,28,27.65863337187866
95,26,54,37.05401462729781
96,26,25,31.144823004794873
97,26,28,38.3275357934736
98,28,74,50.35871324805669
99,28,52,56.60388679233962
100,28,18,42.37924020083418
101,122,139,34.17601498127012
102,122,127,25.079872407968907
103,122,169,43.56604182158393
104,122,91,48.91829923454004
105,91,139,44.28317965096906
106,1598,1572,33.0
107,1598,1608,32.14031735997639
108,595,570,30.4138126514911
109,692,707,50.96076922496363
110,1014,916,65.49045732013177
111,1014,1030,14.866068747318506
112,1014,943,57.30619512757761
113,1014,1019,20.223748416156685
114,1030,1041,20.8806130178211
115,1030,943,62.36184731067546
116,1030,1019,31.78049716414141
117,1030,1089,37.64306044943742
118,433,384,38.2099463490856
119,203,197,33.13608305156178
120,203,216,21.095023109728988
121,197,240,36.05551275463989
122,197,216,30.4138126514911
123,308,324,18.35755975068582
124,308,240,81.02468759581859
125,308,384,62.07253821135398
126,971,885,61.68468205316454
127,971,969,22.360679774997898
128,971,1012,28.635642126552707
129,761,711,39.824615503479755
130,761,769,40.792156108742276
131,761,740,35.4682957019364
132,761,809,46.861498055439924
133,761,778,26.0
134,761,713,36.24913792078372
135,761,808,34.0147027033899
136,769,740,22.135943621178654
137,769,809,29.732137494637012
138,769,815,41.72529209005013
139,859,862,27.294688127912362
140,859,920,41.7612260356422
141,859,886,34.058772731852805
142,859,864,28.160255680657446
143,859,809,33.54101966249684
144,859,815,36.87817782917155
145,886,865,37.44329045369811
146,886,920,36.76955262170047
147,886,934,23.769728648009426
148,886,940,27.51363298439521
149,886,864,23.769728648009426
150,864,865,25.079872407968907
151,864,815,31.25699921617557
152,809,862,36.05551275463989
153,809,815,39.05124837953327
154,809,808,31.064449134018133
155,815,865,43.93176527297759
156,778,850,54.589376255824725
157,778,711,45.27692569068709
158,778,684,85.14693182963201
159,778,801,22.561028345356956
160,778,808,33.24154027718932
161,667,698,38.41874542459709
162,1170,1172,35.05709628591621
163,1170,1190,18.027756377319946
164,1170,1137,24.186773244895647
165,1172,1126,38.07886552931954
166,1172,1190,39.395431207184416
167,1172,1217,32.55764119219941
168,1172,1113,40.11234224026316
169,1172,1137,32.526911934581186
170,865,959,61.0
171,865,940,51.894122981316485
172,920,885,73.08214556237385
173,920,862,39.0
174,920,934,26.248809496813376
175,920,960,27.16615541441225
176,920,969,45.34313619501854
177,64,34,62.12889826803627
178,224,247,27.80287754891569
179,224,185,35.05709628591621
180,224,193,34.828149534535996
181,224,274,44.9221548904324
182,224,212,41.0
183,173,191,22.627416997969522
184,173,235,52.81098370604357
185,173,202,99.68951800465283
186,173,149,31.89043743820395
187,173,262,106.83164325236227
188,911,903,21.37755832643195
189,911,866,26.1725046566048
190,911,910,30.01666203960727
191,911,958,25.553864678361276
192,911,953,36.359317925395686
193,903,866,32.55764119219941
194,903,902,39.01281840626232
195,903,933,35.22782990761707
196,903,880,32.64965543462902
197,903,953,35.05709628591621
198,866,849,67.1863081289633
199,866,850,50.28916384272063
200,866,798,85.23496934944014
201,866,910,36.796738985948195
202,866,880,53.46026561849464
203,866,684,129.40247292845683
204,910,885,36.40054944640259
205,910,958,28.600699292150182
206,958,1001,41.19465984809196
207,958,953,33.24154027718932
208,592,640,74.32361670424818
209,592,661,44.64302857109943
210,880,849,26.832815729997478
211,880,902,18.867962264113206
212,880,878,24.0
213,1391,1402,20.518284528683193
214,1391,1379,28.460498941515414
215,1391,1383,33.13608305156178
216,1391,1421,28.0178514522438
217,1391,1301,88.14193099768123
218,1150,1111,24.186773244895647
219,1150,1182,24.166091947189145
220,1150,1163,25.709920264364882
221,953,1007,34.0147027033899
222,953,1001,42.5205832509386
223,953,933,34.438350715445125
224,953,998,57.4543296888929
225,665,663,25.179356624028344
226,665,636,26.1725046566048
227,665,693,36.6742416417845
228,665,648,34.92849839314596
229,665,674,27.294688127912362
230,665,697,36.05551275463989
231,710,704,20.223748416156685
232,710,732,23.021728866442675
233,710,690,27.784887978899608
234,710,754,33.24154027718932
235,710,677,31.38470965295043
236,732,684,96.46242791885346
237,732,690,27.459060435491963
238,732,754,25.0
239,690,664,77.25283166331187
240,690,684,86.14522621712709
241,690,677,42.05948168962618
242,786,798,47.53945729601885
243,786,822,23.021728866442675
244,786,704,56.568542494923804
245,786,781,52.23983154643591
246,786,754,37.73592452822641
247,754,704,43.266615305567875
248,674,648,23.259406699226016
249,674,693,21.540659228538015
250,674,683,23.769728648009426
251,585,568,20.808652046684813
252,585,602,58.05170109479997
253,552,499,43.41658669218482
254,552,548,27.073972741361768
255,552,578,22.47220505424423
256,552,568,37.36308338453881
257,552,605,53.81449618829484
258,499,548,52.630789467763066
259,499,459,32.14031735997639
260,499,489,16.55294535724685
261,548,522,51.478150704935004
262,548,562,27.892651361962706
263,548,605,42.95346318982906
264,578,568,25.632011235952593
265,578,632,48.75448697299562
266,578,605,52.392747589718944
267,1608,1599,77.1621668954417
268,1608,1539,76.40026177965623
269,1608,1572,48.16637831516918
270,1539,1599,118.22436297142819
271,1539,1490,46.09772228646444
272,1539,1520,33.61547262794322
273,1539,1538,25.317977802344327
274,1539,1572,40.162171256046406
275,1584,1570,25.80697580112788
276,1584,1534,54.20332093147061
277,1584,1597,28.30194339616981
278,1508,1469,47.01063709417264
279,1508,1529,33.301651610693426
280,1508,1570,63.0
281,1508,1534,57.14017850864661
282,1508,1515,43.56604182158393
283,1065,976,50.0
284,1065,1076,36.68787265568828
285,1065,972,67.00746227100382
286,1065,1031,34.66987164671943
287,49,32,41.340053217188775
288,49,81,30.066592756745816
289,49,70,27.80287754891569
290,49,16,7250.0
291,32,70,41.10960958218893
292,32,51,28.653097563788805
293,32,47,37.589892258425
294,81,98,21.470910553583888
295,81,70,27.294688127912362
296,90,111,42.720018726587654
297,90,129,44.77722635447622
298,90,80,21.587033144922902
299,90,59,31.76476034853718
300,90,77,21.95449840010015
301,80,94,19.235384061671343
302,80,111,31.76476034853718
303,80,59,23.769728648009426
304,80,60,28.319604517012593
305,59,60,25.079872407968907
306,59,47,42.05948168962618
307,59,77,38.01315561749642
308,60,68,17.88854381999832
309,60,94,30.066592756745816
310,60,47,21.213203435596427
311,51,68,24.08318915758459
312,51,78,22.20360331117452
313,51,70,30.4138126514911
314,51,47,20.248456731316587
315,47,68,23.021728866442675
316,269,259,39.319206502675
317,269,285,30.479501308256342
318,269,230,47.50789408087881
319,269,260,40.11234224026316
320,269,279,21.2602916254693
321,230,243,19.72308292331602
322,230,260,34.20526275297414
323,260,243,24.351591323771842
324,260,301,36.138621999185304
325,260,279,32.202484376209235
326,279,320,42.43819034784589
327,279,285,37.21558813185679
328,279,301,23.345235059857504
329,77,132,55.10898293381942
330,77,217,157.2800050864699
331,77,309,269.20066864701505
332,613,538,61.032778078668514
333,613,556,49.64876634922564
334,613,604,26.92582403567252
335,613,638,18.0
336,247,193,44.0
337,247,311,65.25335240430181
338,247,274,43.60045871318328
339,247,256,31.622776601683793
340,25,54,49.4064773081425
341,25,29,25.495097567963924
342,2,45,100.96038827183659
343,2,1,132.74034804836094
344,58,85,49.39635614091387
345,58,45,14.866068747318506
346,58,73,26.92582403567252
347,45,85,61.71709649683789
348,45,73,33.28663395418648
349,1,3,50.15974481593781
350,1,4,33.301651610693426
351,1,7,43.104524124504614
352,7,12,26.248809496813376
353,7,4,26.1725046566048
354,7,18,34.92849839314596
355,18,12,26.40075756488817
356,18,19,23.021728866442675
357,18,52,44.721359549995796
358,853,897,43.278170016764804
359,853,834,24.698178070456937
360,853,856,42.190046219457976
361,61,36,35.510561809129406
362,61,83,42.720018726587654
363,36,83,55.65968020030299
364,36,134,9805.0
365,102,78,29.68164415931166
366,102,97,20.396078054371138
367,102,70,33.95585369269929
368,102,98,22.02271554554524
369,102,121,24.515301344262525
370,70,78,25.298221281347036
371,70,98,34.92849839314596
372,98,121,36.796738985948195
373,121,97,31.76476034853718
374,121,120,27.018512172212592
375,121,152,44.40720662234904
376,941,898,46.52956049652737
377,941,973,54.70831746635972
378,714,782,50.32891812864648
379,714,806,67.26812023536856
380,714,678,27.892651361962706
381,806,782,36.359317925395686
382,678,487,148.9731519435633
383,905,937,48.33218389437829
384,905,921,19.72308292331602
385,905,858,29.017236257093817
386,905,906,26.019223662515376
387,858,868,44.10215414239989
388,858,832,22.847319317591726
389,858,845,22.20360331117452
390,858,921,42.15447781671598
391,858,906,40.36087214122113
392,906,868,31.906112267087632
393,906,889,34.539832078341085
394,906,937,26.1725046566048
395,868,832,42.43819034784589
396,868,889,20.518284528683193
397,868,813,44.40720662234904
398,868,826,28.0178514522438
399,976,972,27.459060435491963
400,976,944,27.073972741361768
401,976,1031,51.86520991955976
402,976,964,37.36308338453881
403,832,845,28.160255680657446
404,832,826,36.22154055254967
405,832,788,29.154759474226502
406,832,807,38.48376280978771
407,845,807,25.298221281347036
408,845,921,52.03844732503075
409,845,854,33.54101966249684
410,813,889,51.19570294468082
411,813,826,26.248809496813376
412,813,750,47.50789408087881
413,813,841,23.323807579381203
414,826,788,41.400483088968905
415,1413,1425,25.238858928247925
416,1413,1377,30.528675044947494
417,1413,1464,45.12205669071391
418,1413,1426,36.359317925395686
419,1413,1372,36.6742416417845
420,1425,1377,40.311288741492746
421,1425,1464,31.953090617340916
422,1425,1455,51.42956348249516
423,1425,1400,34.713109915419565
424,1377,1348,35.77708763999664
425,1377,1400,31.304951684997057
426,1377,1372,25.079872407968907
427,1439,1393,42.44997055358225
428,1439,1395,35.17101079013795
429,1439,1466,32.01562118716424
430,1439,1444,24.351591323771842
431,1468,1466,22.090722034374522
432,1468,1490,26.92582403567252
433,1468,1426,37.44329045369811
434,1393,1371,32.69556544854363
435,1393,1426,43.41658669218482
436,1393,1395,38.118237105091836
437,1393,1466,56.71860364994893
438,1426,1371,60.74537019394976
439,1426,1490,54.45181356024793
440,1426,1464,48.02082881417188
441,1426,1372,60.00833275470999
442,1426,1466,51.86520991955976
443,1401,1434,35.510561809129406
444,1401,1374,33.54101966249684
445,1401,1395,27.294688127912362
446,1401,1444,40.162171256046406
447,1401,1398,19.235384061671343
448,1395,1374,28.635642126552707
449,1395,1371,57.706152185014034
450,1395,1444,44.27188724235731
451,1173,1189,92.39588735436226
452,1173,1085,58.215118311311535
453,1173,1156,86.97700845625813
454,1173,1081,76.69419795525604
455,1173,1181,29.832867780352597
456,1281,1309,26.30589287593181
457,1281,1216,42.20189569201838
458,1281,1282,27.018512172212592
459,1281,1241,30.805843601498726
460,1281,1271,41.593268686170845
461,1330,1345,31.32091952673165
462,1330,1348,28.178005607210743
463,1330,1309,48.25971404805462
464,1330,1282,54.70831746635972
465,1330,1372,37.69615364994153
466,1282,1345,77.00649323271382
467,1282,1232,34.20526275297414
468,1282,1309,33.97057550292606
469,1282,1216,45.31004303683677
470,1372,1371,45.044422518220834
471,1372,1345,30.528675044947494
472,1372,1348,44.77722635447622
473,579,565,18.35755975068582
474,579,611,33.83784863137726
475,749,782,73.24616030891995
476,749,837,62.03224967708329
477,749,812,42.44997055358225
478,749,726,24.20743687382041
479,749,771,16.97056274847714
480,726,720,39.20459156782532
481,726,775,39.35733730830886
482,726,771,31.144823004794873
483,771,775,21.37755832643195
484,771,812,29.017236257093817
485,782,837,63.25345840347388
486,730,682,43.01162633521314
487,730,691,31.906112267087632
488,730,720,50.35871324805669
489,730,758,49.193495504995376
490,730,746,22.80350850198276
491,730,779,38.07886552931954
492,682,691,42.7551166528639
493,682,720,38.28837943815329
494,691,707,35.4682957019364
495,720,758,28.635642126552707
496,720,775,44.294469180700204
497,913,916,28.160255680657446
498,913,851,41.10960958218893
499,913,943,19.697715603592208
500,913,894,24.698178070456937
501,913,877,31.89043743820395
502,916,943,39.0
503,916,1019,69.05070600652827
504,916,891,33.54101966249684
505,916,877,24.331050121192877
506,1197,1189,26.019223662515376
507,1197,1232,25.0
508,1197,1188,17.72004514666935
509,1197,1216,30.528675044947494
510,1197,1142,35.014282800023196
511,1189,1232,36.76955262170047
512,1189,1156,29.427877939124322
513,1189,1142,42.20189569201838
514,1232,1345,101.39033484509261
515,1232,1216,27.51363298439521
516,921,937,61.814237842102365
517,921,854,57.8013840664737
518,921,984,49.73932046178355
519,1085,1081,44.01136216933077
520,202,229,29.832867780352597
521,202,262,60.00833275470999
522,310,376,62.625873247404705
523,310,387,66.61080993352356
524,310,303,73.33484846919642
525,324,337,51.19570294468082
526,324,384,54.57105459856901
527,705,740,28.30194339616981
528,705,698,23.259406699226016
529,705,671,31.0
530,705,713,33.24154027718932
531,705,695,20.808652046684813
532,740,713,26.90724809414742
533,698,671,29.698484809834994
534,671,661,28.653097563788805
535,671,695,25.495097567963924
536,801,850,33.421549934136806
537,801,808,28.071337695236398
538,808,862,40.70626487409524
539,885,862,57.0087712549569
540,885,850,29.966648127543394
541,885,969,68.00735254367721
542,850,684,116.66190466471906
543,1126,1113,17.46424919657298
544,1126,1066,36.345563690772494
545,1062,1023,32.526911934581186
546,1062,959,66.48308055437865
547,1062,1066,31.400636936215164
548,1583,1602,43.41658669218482
549,1460,1431,31.827660925679098
550,1460,1467,26.476404589747453
551,1460,1438,27.586228448267445
552,1460,1498,72.71863585079137
553,48,89,39.319206502675
554,48,34,21.540659228538015
555,48,67,30.23243291566195
556,274,311,41.14608122288197
557,274,287,24.041630560342615
558,274,212,58.59180830116101
559,274,221,58.0
560,287,311,40.311288741492746
561,287,221,63.324560795950255
562,354,376,2336.0
563,296,345,43.41658669218482
564,296,333,33.1058907144937
565,296,261,39.59797974644666
566,296,264,30.805843601498726
567,296,297,37.0
568,183,198,35.73513677041127
569,183,170,29.206163733020468
570,183,207,37.12142238654117
571,183,215,27.459060435491963
572,602,623,48.703182647543684
573,661,640,57.48912940721924
574,661,681,27.459060435491963
575,661,695,33.95585369269929
576,713,711,34.058772731852805
577,713,681,26.92582403567252
578,713,695,22.627416997969522
579,695,681,25.079872407968907
580,843,849,22.0
581,843,798,30.4138126514911
582,843,876,26.627053911388696
583,843,822,36.6742416417845
584,843,878,26.0
585,849,798,28.160255680657446
586,849,878,26.832815729997478
587,798,822,48.27007354458868
588,967,957,32.38826948140329
589,967,983,34.0147027033899
590,967,994,24.839484696748443
591,967,925,34.92849839314596
592,967,936,34.655446902326915
593,967,999,21.213203435596427
594,821,848,30.886890422961002
595,821,879,44.77722635447622
596,821,875,42.5440947723653
597,821,781,30.364452901377952
598,821,847,41.6293165929973
599,821,805,31.622776601683793
600,821,773,42.43819034784589
601,1592,1541,15293.0
602,1238,1268,25.495097567963924
603,1238,1298,45.35416188179427
604,1238,1253,35.11409973215888
605,1238,1168,56.36488268416781
606,875,879,39.20459156782532
607,875,925,31.76476034853718
608,875,847,26.248809496813376
609,875,892,28.231188426986208
610,925,945,39.92492955535426
611,925,957,32.449961479175904
612,925,879,33.94112549695428
613,925,892,44.384682042344295
614,902,933,21.470910553583888
615,902,878,21.2602916254693
616,878,876,25.079872407968907
617,999,957,38.948684188300895
618,999,1036,31.827660925679098
619,999,1033,21.213203435596427
620,999,994,19.1049731745428
621,999,993,37.12142238654117
622,562,571,28.792360097775937
623,562,522,36.71511950137164
624,562,605,39.35733730830886
625,562,582,22.20360331117452
626,636,594,31.622776601683793
627,636,663,21.840329667841555
628,636,639,32.38826948140329
629,704,677,24.331050121192877
630,704,781,78.74642849044012
631,677,632,37.589892258425
632,781,848,47.53945729601885
633,781,738,36.235341863986875
634,781,822,58.180752831155424
635,781,773,33.54101966249684
636,610,571,29.732137494637012
637,610,594,37.656340767525464
638,610,631,20.808652046684813
639,610,582,21.2602916254693
640,610,639,33.24154027718932
641,582,571,26.832815729997478
642,582,605,24.698178070456937
643,582,631,33.06055050963308
644,648,630,30.083217912982647
645,648,567,60.03332407921454
646,648,683,32.31098884280702
647,588,630,34.88552708502482
648,588,567,49.39635614091387
649,459,489,27.730849247724095
650,489,452,5800.0
651,431,405,20.615528128088304
652,1529,1570,48.02082881417188
653,1529,1509,7237.0
654,1529,1586,12013.0
655,1570,1534,57.688820407423826
656,1570,1605,1954.0
657,1597,1600,27.294688127912362
658,1597,1534,62.07253821135398
659,1597,1560,56.639209034025185
660,897,968,45.89117562233506
661,897,856,32.202484376209235
662,1118,1103,20.591260281974
663,1103,1099,18.601075237738275
664,1099,1075,18.384776310850235
665,830,841,25.019992006393608
666,830,863,23.021728866442675
667,830,793,27.892651361962706
668,830,820,23.769728648009426
669,841,889,49.040799340956916
670,841,750,53.150729063673246
671,841,895,41.10960958218893
672,841,863,34.058772731852805
673,841,793,42.5205832509386
674,1198,1174,18.384776310850235
675,1198,1181,22.47220505424423
676,1181,1174,26.476404589747453
677,1181,1162,26.870057685088806
678,1162,1174,15.652475842498529
679,1318,1353,2817.0
680,1155,1225,53.23532661682466
681,1155,1242,61.18823416311342
682,1155,1135,26.419689627245813
683,1155,1184,35.805027579936315
684,1212,1225,27.459060435491963
685,1212,1209,73.06161783043132
686,1212,1360,123.97580409095961
687,1212,1184,31.144823004794873
688,1212,1191,26.627053911388696
689,1225,1242,39.21734310225516
690,1225,1184,26.30589287593181
691,1209,1117,72.069410986909
692,1209,1178,32.64965543462902
693,1209,1191,52.392747589718944
694,1360,1328,75.8946638440411
695,96,68,26.1725046566048
696,96,94,15.524174696260024
697,96,111,22.67156809750927
698,96,78,31.240998703626616
699,96,97,20.024984394500787
700,96,120,29.120439557122072
701,68,94,28.42534080710379
702,68,78,21.840329667841555
703,94,111,19.1049731745428
704,111,120,28.178005607210743
705,111,129,21.2602916254693
706,78,97,21.37755832643195
707,97,120,29.546573405388315
708,120,152,28.460498941515414
709,120,129,39.11521443121589
710,355,339,62.625873247404705
711,355,437,56.88585061331157
712,355,320,41.617304093369626
713,355,357,32.01562118716424
714,320,339,37.33630940518894
715,320,285,33.61547262794322
716,320,301,45.18849411078001
717,285,339,49.193495504995376
718,285,332,64.20280367709809
719,285,259,29.68164415931166
720,199,259,102.9271587094485
721,199,178,58.52349955359813
722,199,159,36.76955262170047
723,199,217,58.18934610390462
724,217,159,87.00574693662483
725,217,132,106.5269918846862
726,217,309,114.58621208504974
727,301,298,49.09175083453431
728,301,321,23.021728866442675
729,29,54,59.53990258641679
730,29,73,54.20332093147061
731,73,85,66.09841147864296
732,162,123,44.204072210600685
733,162,189,33.301651610693426
734,12,4,26.68332812825267
735,12,19,25.942243542145693
736,12,8,20.248456731316587
737,3,4,24.515301344262525
738,3,8,24.020824298928627
739,3,5,21.37755832643195
740,4,8,31.400636936215164
741,19,21,34.0147027033899
742,19,52,47.43416490252569
743,19,66,64.25729530566937
744,19,8,30.805843601498726
745,196,195,25.019992006393608
746,196,170,41.10960958218893
747,196,139,54.12947441089743
748,196,222,27.16615541441225
749,196,207,22.47220505424423
750,196,169,52.15361924162119
751,195,222,38.2099463490856
752,195,192,26.30589287593181
753,195,169,34.66987164671943
754,170,139,32.802438933713454
755,170,207,36.40054944640259
756,139,169,60.41522986797286
757,630,567,57.4543296888929
758,630,689,56.60388679233962
759,630,683,44.01136216933077
760,192,222,58.309518948453004
761,192,258,75.66372975210778
762,192,169,33.734255586866
763,192,180,26.832815729997478
764,192,289,84.64632301523794
765,604,556,34.058772731852805
766,604,626,26.1725046566048
767,604,558,52.49761899362675
768,604,638,37.53664875824692
769,403,445,32.2490309931942
770,403,407,33.24154027718932
771,403,429,24.08318915758459
772,403,353,48.82622246293481
773,403,410,32.38826948140329
774,127,144,22.47220505424423
775,127,169,35.05709628591621
776,169,144,31.144823004794873
777,169,180,37.44329045369811
778,180,144,45.12205669071391
779,180,177,21.02379604162864
780,338,391,81.02468759581859
781,338,377,43.41658669218482
782,338,342,18.681541692269406
783,338,315,47.92702786528704
784,338,300,34.92849839314596
785,422,428,35.22782990761707
786,422,373,32.55764119219941
787,422,487,51.35172830587107
788,422,473,52.40229002629561
789,889,937,34.92849839314596
790,889,895,34.132096331752024
791,937,972,43.01162633521314
792,972,944,36.40054944640259
793,944,938,26.30589287593181
794,944,964,38.01315561749642
795,944,895,35.77708763999664
796,944,930,14.866068747318506
797,768,788,28.30194339616981
798,768,727,29.832867780352597
799,768,807,31.304951684997057
800,768,776,28.442925306655784
801,788,807,40.162171256046406
802,727,759,53.23532661682466
803,727,776,39.96248240537617
804,807,817,29.274562336608895
805,807,776,26.92582403567252
806,807,854,39.05124837953327
807,776,817,30.886890422961002
808,776,759,27.51363298439521
809,938,922,60.01666435249463
810,938,964,22.47220505424423
811,938,930,17.46424919657298
812,938,888,41.10960958218893
813,961,989,44.94441010848846
814,961,922,47.80167361086848
815,961,1016,41.340053217188775
816,1008,989,22.47220505424423
817,1008,1031,25.238858928247925
818,1008,964,37.53664875824692
819,1008,1035,18.027756377319946
820,1008,1015,17.46424919657298
821,989,964,48.76474136094644
822,989,922,45.17742799230607
823,989,1016,27.586228448267445
824,989,1015,19.235384061671343
825,1031,1076,30.59411708155671
826,1031,964,39.6232255123179
827,1031,1035,27.16615541441225
828,964,922,60.207972893961475
829,1035,1076,34.20526275297414
830,1035,1057,19.849433241279208
831,1035,1015,14.142135623730951
832,1016,1057,32.01562118716424
833,1016,1052,25.0
834,1016,1015,23.0
835,1015,1057,25.179356624028344
836,1466,1490,43.829214001622255
837,1466,1444,46.238512086787566
838,1444,1434,32.984845004941285
839,1408,1434,28.231188426986208
840,1408,1328,76.53757247260981
841,1408,1398,13.038404810405298
842,1328,1374,88.3911760301898
843,1328,1398,76.83749084919418
844,1398,1434,33.0
845,1398,1374,43.41658669218482
846,1434,1475,5581.0
847,1350,1374,70.8801805866774
848,1350,1371,19.6468827043885
849,1350,1345,24.515301344262525
850,1374,1371,63.00793600809346
851,1371,1345,37.64306044943742
852,1558,1514,49.72926703662542
853,1558,1555,27.294688127912362
854,1495,1490,30.265491900843113
855,1495,1464,37.589892258425
856,1495,1502,25.079872407968907
857,1495,1520,25.317977802344327
858,1490,1464,56.08029957123981
859,1490,1520,38.948684188300895
860,1464,1502,43.289721643826724
861,1464,1455,57.42821606144492
862,1502,1520,30.886890422961002
863,1502,1537,30.14962686336267
864,1520,1537,33.54101966249684
865,1520,1538,21.37755832643195
866,1364,1304,63.52952069707436
867,1364,1397,34.785054261852174
868,1364,1348,57.97413216254298
869,1364,1309,68.60029154456998
870,1364,1400,53.823786563191554
871,1364,1363,24.08318915758459
872,1397,1455,48.05205510693585
873,1397,1437,32.01562118716424
874,1397,1418,30.01666203960727
875,1397,1363,46.75467891024384
876,1397,1400,33.06055050963308
877,1348,1309,42.720018726587654
878,1348,1400,47.53945729601885
879,1309,1304,71.00704190430693
880,1309,1271,55.80322571321482
881,1400,1455,54.12947441089743
882,1188,1216,22.847319317591726
883,1188,1186,30.0
884,1188,1142,34.9857113690718
885,1188,1146,32.69556544854363
886,1216,1241,20.248456731316587
887,1216,1186,29.698484809834994
888,1241,1186,32.2490309931942
889,1241,1231,28.0
890,1241,1271,41.048751503547585
891,1420,1388,33.28663395418648
892,1420,1280,153.93829932800998
893,318,295,25.079872407968907
894,318,326,25.0
895,318,361,49.57822102496216
896,363,393,43.04648650006177
897,363,353,21.95449840010015
898,363,410,37.16180835212409
899,363,361,22.20360331117452
900,353,295,82.46211251235322
901,353,410,45.17742799230607
902,353,361,41.773197148410844
903,410,445,28.0178514522438
904,410,393,53.36665625650534
905,361,295,64.25729530566937
906,361,393,29.154759474226502
907,551,541,16.97056274847714
908,551,509,37.36308338453881
909,551,538,86.14522621712709
910,551,565,17.0
911,551,611,43.18564576337837
912,565,541,20.223748416156685
913,565,611,39.824615503479755
914,453,454,29.0
915,453,434,30.479501308256342
916,453,417,31.38470965295043
917,453,475,37.12142238654117
918,783,758,19.209372712298546
919,783,775,15.524174696260024
920,783,816,26.019223662515376
921,783,799,22.825424421026653
922,758,775,29.154759474226502
923,758,779,31.78049716414141
924,758,799,27.202941017470888
925,775,816,33.1058907144937
926,775,812,33.301651610693426
927,816,799,25.80697580112788
928,816,812,36.345563690772494
929,816,860,26.92582403567252
930,1061,1081,16.0312195418814
931,1156,1081,59.033888572581766
932,1156,1102,32.2490309931942
933,1156,1142,30.4138126514911
934,1081,1102,35.84689665786984
935,1019,1049,26.870057685088806
936,1019,1089,47.4236228055175
937,1019,1025,47.095647357266465
938,1049,1084,22.47220505424423
939,1049,1089,45.79301256742124
940,1049,1025,32.2490309931942
941,229,216,38.47076812334269
942,262,235,94.25497334358543
943,262,303,40.496913462633174
944,1233,1222,22.847319317591726
945,1233,1190,26.1725046566048
946,1233,1217,28.792360097775937
947,1233,1254,18.973665961010276
948,1233,1259,29.410882339705484
949,1222,1190,24.758836806279895
950,1222,1279,44.598206241955516
951,1222,1269,34.058772731852805
952,1222,1254,30.886890422961002
953,1190,1217,34.0
954,1217,1259,27.16615541441225
955,1578,1602,30.083217912982647
956,1459,1442,31.38470965295043
957,1459,1415,2405.0
958,1202,1221,38.07886552931954
959,1202,1179,46.32493928760188
960,149,191,40.311288741492746
961,149,136,27.784887978899608
962,149,164,34.0147027033899
963,213,191,37.21558813185679
964,213,244,26.92582403567252
965,213,235,34.438350715445125
966,213,172,42.80186911806539
967,213,212,36.0
968,213,221,25.079872407968907
969,213,164,45.17742799230607
970,172,157,28.600699292150182
971,172,185,48.662100242385755
972,172,146,31.25699921617557
973,172,212,35.4400902933387
974,172,164,24.596747752497688
975,212,185,46.04345773288535
976,212,221,16.401219466856727
977,221,244,34.0
978,164,191,44.40720662234904
979,164,146,26.90724809414742
980,164,136,28.861739379323623
981,191,235,34.0147027033899
982,244,235,26.40075756488817
983,118,115,17.029386365926403
984,118,146,22.20360331117452
985,118,136,26.076809620810597
986,118,89,32.69556544854363
987,115,157,39.21734310225516
988,115,146,26.92582403567252
989,115,89,41.72529209005013
990,115,143,33.015148038438355
991,115,105,21.400934559032695
992,146,157,30.4138126514911
993,146,136,26.248809496813376
994,136,89,44.91102314577124
995,89,105,49.64876634922564
996,89,67,29.732137494637012
997,514,482,46.75467891024384
998,514,526,40.44749683231337
999,514,430,70.61161377563892
1000,246,255,23.323807579381203
1001,246,198,40.44749683231337
1002,246,215,33.24154027718932
1003,246,252,27.730849247724095
1004,252,255,45.0
1005,252,294,36.24913792078372
1006,252,215,36.05551275463989
1007,252,271,26.076809620810597
1008,252,290,35.22782990761707
1009,664,684,26.92582403567252
1010,664,646,21.93171219946131
1011,1423,1378,3285.0
1012,1542,1551,38.600518131237564
1013,1542,1541,18497.0
1014,1504,1486,38.8329756778952
1015,1504,1488,21.400934559032695
1016,1486,1488,45.27692569068709
1017,1486,1378,11273.0
1018,1410,1402,17.11724276862369
1019,1410,1379,26.30589287593181
1020,1410,1431,40.22437072223753
1021,1410,1438,27.202941017470888
1022,1402,1379,27.294688127912362
1023,1402,1421,18.384776310850235
1024,1402,1438,29.410882339705484
1025,1379,1301,82.00609733428362
1026,1379,1359,33.28663395418648
1027,1276,1299,40.496913462633174
1028,1276,1272,41.10960958218893
1029,1276,1243,22.847319317591726
1030,1268,1298,40.36087214122113
1031,1299,1289,22.360679774997898
1032,1299,1383,84.0535543567314
1033,1299,1272,25.96150997149434
1034,1299,1301,41.012193308819754
1035,1299,1373,81.49233092751734
1036,1289,1263,28.319604517012593
1037,1289,1272,19.849433241279208
1038,1289,1301,22.847319317591726
1039,994,1033,28.0178514522438
1040,994,983,15.811388300841896
1041,994,1054,33.0
1042,1383,1421,46.010868281309364
1043,1383,1443,54.78138369920935
1044,1383,1301,93.1074647920348
1045,1383,1406,25.612496949731394
1046,1383,1373,44.9221548904324
1047,1421,1438,26.627053911388696
1048,1421,1443,24.413111231467404
1049,1471,1467,18.35755975068582
1050,1471,1443,31.78049716414141
1051,1471,1476,19.0
1052,1471,1498,31.240998703626616
1053,1467,1438,25.96150997149434
1054,1467,1443,35.22782990761707
1055,1467,1498,48.83646178829912
1056,1438,1431,41.10960958218893
1057,1438,1443,36.345563690772494
1058,1443,1476,29.614185789921695
1059,1443,1450,24.331050121192877
1060,1443,1406,53.150729063673246
1061,1476,1483,22.80350850198276
1062,1476,1498,24.020824298928627
1063,1476,1450,30.805843601498726
1064,1176,1192,29.154759474226502
1065,1182,1192,20.591260281974
1066,1182,1204,18.027756377319946
1067,1182,1163,38.48376280978771
1068,1192,1204,25.0
1069,1253,1298,38.8329756778952
1070,847,892,32.28002478313795
1071,847,828,80.4114419718985
1072,847,874,60.08327554319921
1073,847,805,28.160255680657446
1074,892,945,32.2490309931942
1075,892,874,49.47726750741192
1076,892,915,18.439088914585774
1077,915,945,26.90724809414742
1078,915,874,41.617304093369626
1079,915,909,37.0
1080,915,947,35.0
1081,1163,1111,37.20215047547655
1082,1163,1106,34.539832078341085
1083,947,945,39.81205847478876
1084,947,982,35.0
1085,947,992,33.24154027718932
1086,947,909,32.2490309931942
1087,945,957,22.47220505424423
1088,945,982,31.016124838541646
1089,957,982,34.48187929913333
1090,957,993,24.351591323771842
1091,876,822,42.04759208325728
1092,876,926,28.635642126552707
1093,876,893,27.85677655436824
1094,848,879,27.51363298439521
1095,848,822,36.6742416417845
1096,848,893,40.607881008493905
1097,879,936,35.34119409414458
1098,879,893,34.52535300326414
1099,822,893,48.662100242385755
1100,946,926,23.345235059857504
1101,946,975,29.698484809834994
1102,946,983,33.61547262794322
1103,946,936,24.698178070456937
1104,946,893,35.22782990761707
1105,946,995,33.37663853655727
1106,926,975,38.3275357934736
1107,926,893,26.90724809414742
1108,975,995,20.0
1109,983,936,38.47076812334269
1110,983,995,22.360679774997898
1111,983,1054,40.85339643163099
1112,983,1047,39.56008088970496
1113,936,893,32.202484376209235
1114,995,1047,33.95585369269929
1115,1124,1055,42.7551166528639
1116,1124,1080,42.5205832509386
1117,1124,1083,33.421549934136806
1118,1124,1141,23.600847442411894
1119,998,1007,48.16637831516918
1120,998,1055,54.67174773134658
1121,998,1079,46.010868281309364
1122,1196,1141,36.68787265568828
1123,1196,1147,38.948684188300895
1124,1196,1180,44.14748010928823
1125,1196,1239,26.476404589747453
1126,1196,1243,45.254833995939045
1127,1243,1180,43.41658669218482
1128,1243,1272,36.71511950137164
1129,1243,1239,27.65863337187866
1130,1243,1183,62.80127387243033
1131,571,522,42.95346318982906
1132,571,594,34.20526275297414
1133,644,673,25.0
1134,644,632,27.459060435491963
1135,644,605,28.0
1136,644,631,24.351591323771842
1137,644,669,35.22782990761707
1138,673,632,40.36087214122113
1139,673,669,29.427877939124322
1140,673,738,65.29931086925804
1141,632,605,35.4682957019364
1142,605,631,30.479501308256342
1143,631,669,28.635642126552707
1144,631,639,35.6931365951495
1145,387,376,30.805843601498726
1146,1453,1469,17.4928556845359
1147,1453,1414,35.35533905932738
1148,1595,1560,40.311288741492746
1149,1595,1603,17.0
1150,1595,1600,17.08800749063506
1151,1603,1600,31.064449134018133
1152,1603,1560,52.0
1153,1600,1560,47.29693436154187
1154,1032,1068,27.459060435491963
1155,1032,1058,29.68164415931166
1156,968,1068,15921.0
1157,922,888,37.73592452822641
1158,922,846,52.773099207835045
1159,895,930,33.421549934136806
1160,895,863,29.832867780352597
1161,895,887,18.681541692269406
1162,930,887,27.202941017470888
1163,884,825,42.04759208325728
1164,884,863,26.0
1165,884,888,22.80350850198276
1166,884,846,36.61966684720111
1167,884,887,29.274562336608895
1168,884,820,39.05124837953327
1169,863,887,14.866068747318506
1170,863,820,36.40054944640259
1171,888,846,28.160255680657446
1172,846,825,20.808652046684813
1173,846,810,27.459060435491963
1174,810,825,27.65863337187866
1175,810,767,31.016124838541646
1176,1158,1117,33.24154027718932
1177,1158,1122,21.37755832643195
1178,1158,1151,21.213203435596427
1179,1158,1191,29.120439557122072
1180,1184,1135,34.52535300326414
1181,1184,1151,29.68164415931166
1182,1184,1191,45.39823785126467
1183,1191,1117,53.45091205957107
1184,1191,1151,42.44997055358225
1185,1174,1178,45.0111097397076
1186,1178,1117,67.67569726275453
1187,1178,1076,72.89718787443039
1188,339,360,26.419689627245813
1189,339,332,29.427877939124322
1190,332,391,53.36665625650534
1191,332,360,32.2490309931942
1192,332,315,36.76955262170047
1193,332,259,72.94518489934754
1194,437,468,25.942243542145693
1195,437,460,34.0
1196,541,506,28.284271247461902
1197,541,509,32.55764119219941
1198,315,391,69.57010852370435
1199,315,259,85.21150157109074
1200,315,300,54.120236510939236
1201,259,178,78.39005038906404
1202,152,155,24.186773244895647
1203,152,129,38.41874542459709
1204,152,176,30.0
1205,129,155,27.65863337187866
1206,129,135,16.15549442140351
1207,176,155,21.840329667841555
1208,176,178,21.095023109728988
1209,132,159,29.017236257093817
1210,132,145,24.596747752497688
1211,343,357,18.027756377319946
1212,343,321,17.88854381999832
1213,343,331,24.166091947189145
1214,321,298,42.190046219457976
1215,321,331,30.59411708155671
1216,331,326,24.020824298928627
1217,331,298,28.635642126552707
1218,232,209,46.8187996428785
1219,232,264,34.785054261852174
1220,232,189,36.6742416417845
1221,232,219,17.46424919657298
1222,232,249,22.825424421026653
1223,189,123,60.207972893961475
1224,189,188,25.179356624028344
1225,189,219,29.017236257093817
1226,236,253,22.02271554554524
1227,236,209,20.615528128088304
1228,236,255,81.04319835741924
1229,236,198,96.76776322722355
1230,236,249,44.384682042344295
1231,249,253,42.2965719651132
1232,249,209,48.83646178829912
1233,249,264,25.553864678361276
1234,253,255,77.0
1235,255,198,53.85164807134504
1236,255,290,53.907327887774215
1237,198,215,33.12099032335839
1238,52,74,46.51881339845203
1239,52,66,40.85339643163099
1240,52,71,21.37755832643195
1241,123,188,60.40695324215582
1242,123,125,34.0
1243,123,100,38.2099463490856
1244,66,21,60.01666435249463
1245,66,57,36.05551275463989
1246,66,75,42.2965719651132
1247,66,99,43.18564576337837
1248,66,71,42.42640687119285
1249,66,95,25.495097567963924
1250,6,21,36.87817782917155
1251,6,8,35.35533905932738
1252,6,5,21.213203435596427
1253,8,21,41.10960958218893
1254,8,5,28.284271247461902
1255,242,222,22.47220505424423
1256,242,207,27.16615541441225
1257,242,215,38.91015291668744
1258,242,258,31.144823004794873
1259,242,271,34.785054261852174
1260,222,207,26.1725046566048
1261,222,258,31.0
1262,207,215,39.293765408777
1263,258,283,30.479501308256342
1264,258,271,33.52610922848042
1265,258,289,43.93176527297759
1266,258,277,23.853720883753127
1267,271,294,20.248456731316587
1268,271,283,17.69180601295413
1269,811,762,32.2490309931942
1270,811,785,29.068883707497267
1271,811,834,17.804493814764857
1272,811,856,32.57299494980466
1273,834,856,27.018512172212592
1274,856,833,38.91015291668744
1275,701,686,14.422205101855956
1276,701,734,27.313000567495326
1277,701,728,25.612496949731394
1278,689,731,30.870698080866262
1279,689,712,42.5440947723653
1280,689,683,46.52956049652737
1281,805,773,25.709920264364882
1282,805,828,87.82368700982668
1283,805,766,84.43340571124678
1284,773,766,86.02325267042627
1285,773,738,24.166091947189145
1286,773,723,37.12142238654117
1287,182,177,19.6468827043885
1288,182,238,2194.0
1289,238,228,40.44749683231337
1290,295,275,25.495097567963924
1291,498,520,28.42534080710379
1292,498,495,33.015148038438355
1293,498,527,28.319604517012593
1294,498,445,49.24428900898052
1295,498,492,27.65863337187866
1296,498,429,55.90169943749474
1297,495,527,26.076809620810597
1298,495,445,42.95346318982906
1299,495,558,82.00609733428362
1300,527,545,24.413111231467404
1301,527,520,41.10960958218893
1302,527,558,83.81527307120105
1303,445,429,36.05551275463989
1304,392,393,24.020824298928627
1305,392,326,56.92099788303083
1306,326,298,32.449961479175904
1307,460,471,42.7551166528639
1308,460,483,30.479501308256342
1309,460,468,42.579337712087536
1310,558,556,42.0
1311,558,519,33.83784863137726
1312,558,626,57.38466694161429
1313,312,344,29.154759474226502
1314,312,289,26.40075756488817
1315,312,277,30.265491900843113
1316,289,277,21.93171219946131
1317,277,283,33.13608305156178
1318,709,751,34.0147027033899
1319,709,666,39.20459156782532
1320,833,755,59.405386961116584
1321,833,785,40.22437072223753
1322,134,144,27.65863337187866
1323,134,177,41.048751503547585
1324,134,133,26.019223662515376
1325,133,177,46.647615158762406
1326,144,177,45.45327270945405
1327,857,898,35.22782990761707
1328,857,837,33.1058907144937
1329,857,812,31.144823004794873
1330,857,860,32.0
1331,898,837,44.14748010928823
1332,898,942,41.88078318274385
1333,898,973,50.35871324805669
1334,837,812,37.12142238654117
1335,812,860,42.44997055358225
1336,912,943,36.71511950137164
1337,912,860,35.73513677041127
1338,912,894,23.021728866442675
1339,912,942,33.28663395418648
1340,860,894,36.61966684720111
1341,894,851,36.87817782917155
1342,894,943,33.61547262794322
1343,309,348,38.47076812334269
1344,309,350,39.0
1345,309,373,69.83552104767315
1346,350,381,36.89173349139343
1347,350,348,33.06055050963308
1348,350,373,31.400636936215164
1349,428,381,31.622776601683793
1350,428,434,34.0
1351,428,373,46.22769732530488
1352,428,473,35.0
1353,428,475,44.10215414239989
1354,373,381,39.45883931389772
1355,503,543,38.07886552931954
1356,503,487,50.21951811795888
1357,503,473,30.479501308256342
1358,503,475,21.37755832643195
1359,543,487,57.201398584300364
1360,487,473,31.38470965295043
1361,473,475,24.08318915758459
1362,475,434,38.3275357934736
1363,638,739,83.2586331859946
1364,638,626,43.93176527297759
1365,638,708,77.07788269017254
1366,739,708,29.0
1367,739,750,31.953090617340916
1368,1117,1076,35.4682957019364
1369,1117,1096,21.93171219946131
1370,1117,1122,28.071337695236398
1371,1076,1057,36.05551275463989
1372,1076,1096,39.56008088970496
1373,1057,1096,23.345235059857504
1374,1057,1052,35.35533905932738
1375,1461,1514,57.584720195551874
1376,1461,1447,32.57299494980466
1377,1461,1455,28.442925306655784
1378,1461,1437,23.259406699226016
1379,1461,1418,37.8549864614954
1380,1514,1447,81.83520025025906
1381,1447,1418,35.4682957019364
1382,1455,1437,24.08318915758459
1383,1437,1418,24.08318915758459
1384,1418,1363,46.87216658103186
1385,1552,1537,24.698178070456937
1386,1552,1538,25.80697580112788
1387,1552,1572,38.07886552931954
1388,1552,1581,22.561028345356956
1389,1552,1555,30.066592756745816
1390,1537,1538,34.52535300326414
1391,1537,1555,28.600699292150182
1392,1538,1572,36.05551275463989
1393,1572,1581,28.160255680657446
1394,1581,1555,40.311288741492746
1395,1161,1186,23.08679276123039
1396,1161,1108,64.40496875241847
1397,1161,1100,55.17245689653489
1398,1161,1089,46.84015371452148
1399,1161,1146,25.298221281347036
1400,1161,1200,43.18564576337837
1401,1186,1146,34.48187929913333
1402,1186,1200,39.6232255123179
1403,1186,1231,40.0
1404,1108,1116,19.235384061671343
1405,1108,1041,49.040799340956916
1406,1108,1100,20.591260281974
1407,1108,1200,62.64982043070834
1408,1100,1041,37.21558813185679
1409,1100,1089,27.892651361962706
1410,1089,1041,43.139309220245984
1411,1089,1084,47.095647357266465
1412,1089,1146,52.32590180780452
1413,1237,1240,26.30589287593181
1414,1237,1200,25.709920264364882
1415,1237,1231,21.0
1416,1237,1271,27.459060435491963
1417,1200,1116,70.2922470831599
1418,1200,1240,43.18564576337837
1419,1200,1231,29.154759474226502
1420,1231,1271,23.769728648009426
1421,1271,1240,45.18849411078001
1422,1271,1304,41.23105625617661
1423,1063,1115,38.63935817272331
1424,1063,1070,16.76305461424021
1425,1063,1044,15.264337522473747
1426,1070,1115,34.20526275297414
1427,817,759,37.64306044943742
1428,817,795,27.313000567495326
1429,817,854,26.30589287593181
1430,759,795,28.653097563788805
1431,746,772,18.601075237738275
1432,779,799,24.698178070456937
1433,779,784,27.294688127912362
1434,779,824,35.0
1435,799,851,42.80186911806539
1436,799,824,44.598206241955516
1437,851,877,29.0
1438,851,824,24.839484696748443
1439,1041,943,66.06814663663572
1440,943,942,60.0
1441,942,973,39.6232255123179
1442,1363,1367,23.021728866442675
1443,1363,1327,48.91829923454004
1444,1363,1304,58.309518948453004
1445,1109,1084,19.313207915827967
1446,1109,1102,48.25971404805462
1447,1109,1142,26.076809620810597
1448,1109,1146,27.80287754891569
1449,1109,1064,46.09772228646444
1450,1084,1146,41.23105625617661
1451,1084,1025,42.05948168962618
1452,1084,1064,43.68065933568311
1453,1102,1142,43.41658669218482
1454,1102,1064,28.178005607210743
1455,1142,1146,31.0
1456,997,984,20.615528128088304
1457,997,1025,37.589892258425
1458,997,1064,44.384682042344295
1459,1025,1064,33.301651610693426
1460,337,314,21.840329667841555
1461,1229,1265,25.079872407968907
1462,1229,1227,24.0
1463,1229,1264,33.97057550292606
1464,1295,1308,61.39218191268331
1465,1295,1265,27.313000567495326
1466,1295,1301,34.132096331752024
1467,1295,1264,31.38470965295043
1468,1295,1347,61.85466837676846
1469,1295,1359,65.96969000988257
1470,1295,1326,57.42821606144492
1471,1265,1308,62.00806399170998
1472,1265,1279,52.392747589718944
1473,1265,1264,27.073972741361768
1474,1301,1263,30.066592756745816
1475,1301,1264,34.9857113690718
1476,1301,1359,78.87331614684399
1477,1264,1263,20.0
1478,1264,1227,23.021728866442675
1479,1347,1385,50.24937810560445
1480,1347,1359,23.021728866442675
1481,1347,1361,53.45091205957107
1482,1347,1326,21.633307652783937
1483,1359,1385,58.180752831155424
1484,1066,1113,35.805027579936315
1485,1066,1023,29.120439557122072
1486,1066,1048,25.553864678361276
1487,1526,1510,21.213203435596427
1488,1526,1498,66.2117814289874
1489,1526,1491,43.60045871318328
1490,1498,1510,57.42821606144492
1491,1498,1483,27.65863337187866
1492,1373,1406,37.013511046643494
1493,1373,1405,30.0
1494,1373,1369,29.427877939124322
1495,1373,1387,27.459060435491963
1496,1491,1454,37.05401462729781
1497,1491,1474,30.23243291566195
1498,1491,1510,32.202484376209235
1499,1491,1482,25.942243542145693
1500,1491,1481,55.57877292636101
1501,1545,1481,71.02816342831905
1502,1545,1607,4217.0
1503,1353,1415,57.0087712549569
1504,1415,1404,18.788294228055936
1505,1404,1414,20.248456731316587
1506,765,716,50.24937810560445
1507,765,699,47.75981574503821
1508,765,762,60.00833275470999
1509,765,734,59.23681287847955
1510,966,1087,10960.0
1511,1221,1179,32.31098884280702
1512,1221,1228,21050.0
1513,163,157,26.30589287593181
1514,163,185,21.02379604162864
1515,163,193,37.013511046643494
1516,163,143,25.059928172283335
1517,163,142,25.0
1518,157,185,35.35533905932738
1519,157,143,22.80350850198276
1520,185,193,25.298221281347036
1521,116,143,23.853720883753127
1522,116,142,26.076809620810597
1523,116,109,35.4400902933387
1524,116,99,21.470910553583888
1525,116,105,25.942243542145693
1526,143,142,27.073972741361768
1527,143,105,33.52610922848042
1528,142,109,37.73592452822641
1529,142,131,29.120439557122072
1530,109,99,25.632011235952593
1531,109,95,18.384776310850235
1532,109,131,25.298221281347036
1533,86,75,18.601075237738275
1534,86,99,28.178005607210743
1535,86,105,21.540659228538015
1536,86,67,39.35733730830886
1537,99,75,26.0
1538,99,105,33.734255586866
1539,99,95,37.21558813185679
1540,105,67,46.61544808322666
1541,576,634,38.63935817272331
1542,576,581,28.284271247461902
1543,576,539,37.21558813185679
1544,576,593,21.400934559032695
1545,539,496,35.510561809129406
1546,539,596,50.15974481593781
1547,539,593,45.044422518220834
1548,345,333,27.730849247724095
1549,345,340,39.11521443121589
1550,333,368,35.35533905932738
1551,333,334,22.135943621178654
1552,333,297,37.8021163428716
1553,340,416,61.68468205316454
1554,684,646,32.55764119219941
1555,646,623,20.591260281974
1556,1337,1394,51.35172830587107
1557,1337,1370,43.01162633521314
1558,1337,1319,34.058772731852805
1559,1378,1381,45.17742799230607
1560,1378,1329,4068.0
1561,1551,1561,36.40054944640259
1562,1449,1394,51.10772935672255
1563,1449,1381,59.23681287847955
1564,1449,1493,53.0
1565,1394,1381,49.24428900898052
1566,1394,1370,38.948684188300895
1567,1610,1601,34.36568055487916
1568,1601,1548,3560.0
1569,1180,1147,33.94112549695428
1570,1180,1130,35.35533905932738
1571,1180,1183,39.20459156782532
1572,1180,1129,45.0
1573,1165,1183,26.248809496813376
1574,1165,1107,40.607881008493905
1575,1165,1121,28.160255680657446
1576,1165,1129,39.408120990476064
1577,1165,1168,28.0178514522438
1578,1183,1129,41.7612260356422
1579,1485,1510,30.528675044947494
1580,1485,1482,22.0
1581,1485,1483,20.024984394500787
1582,1485,1458,28.600699292150182
1583,1485,1450,38.41874542459709
1584,1510,1482,26.68332812825267
1585,1510,1483,43.829214001622255
1586,1482,1454,32.64965543462902
1587,1482,1458,23.53720459187964
1588,1483,1450,31.25699921617557
1589,1262,1204,38.01315561749642
1590,1262,1319,56.79788728465171
1591,1168,1107,33.13608305156178
1592,993,1053,40.162171256046406
1593,993,1036,28.653097563788805
1594,993,982,22.80350850198276
1595,1106,1060,33.015148038438355
1596,1106,1051,42.04759208325728
1597,1106,1111,35.05709628591621
1598,1106,1112,45.09988913511872
1599,1039,1007,21.93171219946131
1600,1039,1001,29.732137494637012
1601,1039,1055,18.601075237738275
1602,1039,1080,35.35533905932738
1603,1007,1001,29.068883707497267
1604,1007,1055,31.575306807693888
1605,1001,1080,47.265209192385896
1606,1055,1080,42.37924020083418
1607,1055,1079,42.44997055358225
1608,1055,1083,20.615528128088304
1609,1105,1079,23.08679276123039
1610,1105,1083,27.018512172212592
1611,1105,1141,32.526911934581186
1612,1105,1147,25.0
1613,1105,1130,38.27531841800928
1614,1105,1091,41.23105625617661
1615,1079,1083,28.442925306655784
1616,1079,1091,31.575306807693888
1617,1083,1141,40.049968789001575
1618,1141,1147,30.01666203960727
1619,1147,1130,31.016124838541646
1620,1130,1091,29.068883707497267
1621,1130,1129,22.02271554554524
1622,1236,1263,17.08800749063506
1623,1236,1272,34.058772731852805
1624,1236,1239,31.064449134018133
1625,1236,1227,27.892651361962706
1626,1263,1272,32.55764119219941
1627,1263,1227,31.144823004794873
1628,1272,1239,24.515301344262525
1629,594,639,34.0147027033899
1630,694,669,35.805027579936315
1631,694,738,37.57658845611187
1632,694,723,25.495097567963924
1633,694,663,36.76955262170047
1634,694,639,42.0
1635,694,697,39.319206502675
1636,669,738,56.515484603779164
1637,669,639,35.805027579936315
1638,738,723,29.154759474226502
1639,723,766,75.64390259630977
1640,723,697,33.28663395418648
1641,663,639,30.528675044947494
1642,663,697,33.61547262794322
1643,697,693,28.0178514522438
1644,697,766,63.89053137985315
1645,449,405,49.39635614091387
1646,449,457,27.202941017470888
1647,449,418,25.612496949731394
1648,405,457,37.57658845611187
1649,1534,1515,24.515301344262525
1650,1534,1560,40.311288741492746
1651,1543,1560,20.396078054371138
1652,1110,1068,32.38826948140329
1653,1110,1058,59.54829972383762
1654,1068,1058,40.607881008493905
1655,793,774,26.40075756488817
1656,793,750,37.53664875824692
1657,793,744,30.59411708155671
1658,793,820,26.40075756488817
1659,820,825,20.024984394500787
1660,820,774,32.984845004941285
1661,825,774,35.11409973215888
1662,825,767,38.48376280978771
1663,1305,1228,57.97413216254298
1664,391,360,36.87817782917155
1665,476,468,21.540659228538015
1666,476,506,29.206163733020468
1667,476,509,27.0
1668,468,509,40.311288741492746
1669,506,509,18.439088914585774
1670,160,155,21.587033144922902
1671,160,178,18.973665961010276
1672,160,159,36.013886210738214
1673,160,145,22.67156809750927
1674,160,135,26.0
1675,155,178,27.459060435491963
1676,155,135,29.698484809834994
1677,178,159,45.31004303683677
1678,159,145,27.65863337187866
1679,145,135,17.4928556845359
1680,256,223,52.354560450833695
1681,256,257,59.00847396772772
1682,128,71,51.15662224971465
1683,128,95,52.009614495783374
1684,128,131,46.2709412050371
1685,128,117,36.6742416417845
1686,128,103,30.0
1687,71,74,38.01315561749642
1688,71,95,41.593268686170845
1689,71,103,34.828149534535996
1690,95,131,37.33630940518894
1691,108,74,41.400483088968905
1692,108,54,55.154328932550705
1693,108,125,27.65863337187866
1694,108,100,30.675723300355934
1695,108,117,25.942243542145693
1696,108,103,41.30375285612676
1697,125,188,58.69412236331676
1698,125,100,29.120439557122072
1699,100,54,41.773197148410844
1700,117,103,24.758836806279895
1701,103,74,32.2490309931942
1702,74,54,49.39635614091387
1703,21,57,52.32590180780452
1704,57,75,18.788294228055936
1705,670,659,31.38470965295043
1706,670,672,33.015148038438355
1707,670,699,25.96150997149434
1708,670,686,34.438350715445125
1709,670,643,23.769728648009426
1710,672,699,36.76955262170047
1711,672,687,25.495097567963924
1712,672,643,31.89043743820395
1713,672,627,33.61547262794322
1714,699,686,39.293765408777
1715,699,716,54.12947441089743
1716,699,734,45.27692569068709
1717,699,687,45.89117562233506
1718,686,659,27.073972741361768
1719,686,734,33.015148038438355
1720,756,762,24.515301344262525
1721,756,734,34.132096331752024
1722,756,728,23.08679276123039
1723,756,785,18.110770276274835
1724,762,734,23.53720459187964
1725,762,785,29.068883707497267
1726,734,728,27.459060435491963
1727,728,696,44.721359549995796
1728,785,755,59.90826320300064
1729,747,745,34.132096331752024
1730,747,790,27.892651361962706
1731,747,688,2960.0
1732,745,790,40.36087214122113
1733,731,712,28.231188426986208
1734,731,766,56.356011214421486
1735,712,683,25.0
1736,766,693,51.66236541235796
1737,766,828,39.6232255123179
1738,693,683,31.953090617340916
1739,471,483,26.627053911388696
1740,471,500,30.0
1741,483,512,23.323807579381203
1742,500,519,19.235384061671343
1743,512,538,21.587033144922902
1744,538,556,30.23243291566195
1745,556,519,44.553338819890925
1746,407,344,82.46211251235322
1747,407,429,19.209372712298546
1748,407,448,43.266615305567875
1749,492,486,34.058772731852805
1750,492,520,24.515301344262525
1751,492,429,51.86520991955976
1752,492,448,50.24937810560445
1753,429,448,52.392747589718944
1754,290,294,19.1049731745428
1755,290,328,33.24154027718932
1756,596,583,64.6297145282261
1757,596,593,22.02271554554524
1758,596,625,22.20360331117452
1759,696,755,50.99019513592785
1760,696,736,50.60632371551998
1761,696,647,41.7612260356422
1762,696,625,55.326304774492215
1763,647,634,33.61547262794322
1764,647,593,38.63935817272331
1765,647,625,23.430749027719962
1766,593,634,34.655446902326915
1767,593,625,33.97057550292606
1768,616,563,44.181444068749045
1769,616,583,30.479501308256342
1770,616,622,28.284271247461902
1771,616,666,33.95585369269929
1772,616,625,81.39410298049853
1773,616,591,33.83784863137726
1774,622,653,45.18849411078001
1775,622,666,35.22782990761707
1776,622,591,23.0
1777,666,653,61.814237842102365
1778,625,583,68.42514157822401
1779,485,426,51.62363799656123
1780,485,484,27.018512172212592
1781,485,516,27.294688127912362
1782,485,474,17.46424919657298
1783,752,755,20.024984394500787
1784,752,736,20.09975124224178
1785,752,751,43.289721643826724
1786,755,736,30.4138126514911
1787,736,751,43.657759905886145
1788,818,751,43.18564576337837
1789,377,412,30.886890422961002
1790,377,342,33.13608305156178
1791,377,385,27.16615541441225
1792,377,417,34.713109915419565
1793,342,356,45.880278987817846
1794,342,385,46.861498055439924
1795,434,381,38.41874542459709
1796,434,390,23.345235059857504
1797,434,417,39.6232255123179
1798,417,454,29.966648127543394
1799,417,412,38.01315561749642
1800,417,390,38.48376280978771
1801,417,385,23.345235059857504
1802,626,675,62.00806399170998
1803,626,652,49.33558553417604
1804,626,708,64.93843238021688
1805,652,675,23.08679276123039
1806,652,653,38.0
1807,653,675,42.720018726587654
1808,1094,1096,33.06055050963308
1809,1094,1052,26.076809620810597
1810,1094,1122,28.284271247461902
1811,1094,1075,27.85677655436824
1812,1094,1135,34.66987164671943
1813,1094,1151,38.118237105091836
1814,1096,1052,41.773197148410844
1815,1096,1122,22.20360331117452
1816,1052,1075,32.2490309931942
1817,1122,1151,24.758836806279895
1818,1075,1135,39.6232255123179
1819,1135,1151,23.769728648009426
1820,1044,1115,50.15974481593781
1821,1044,1230,122.64175471673585
1822,1115,1211,67.35725647619564
1823,1115,1230,75.0
1824,1115,1215,83.23460818673925
1825,1116,1223,75.39230729988306
1826,1116,1240,84.01190391843289
1827,1116,1215,90.60905032059435
1828,455,454,25.0
1829,455,412,26.0
1830,454,412,36.069377593742864
1831,772,784,19.72308292331602
1832,772,800,21.470910553583888
1833,784,800,28.460498941515414
1834,784,824,24.73863375370596
1835,1304,1327,40.45985664828782
1836,1304,1240,53.16013544000805
1837,1304,1300,28.792360097775937
1838,1407,1431,39.824615503479755
1839,1407,1385,22.20360331117452
1840,1407,1346,99.56907150315303
1841,1385,1346,79.17701686727027
1842,1385,1361,27.018512172212592
1843,1308,1279,26.076809620810597
1844,1308,1310,20.024984394500787
1845,1308,1326,23.853720883753127
1846,1279,1269,15.264337522473747
1847,1279,1310,32.449961479175904
1848,1088,1113,28.653097563788805
1849,1088,1137,31.016124838541646
1850,1088,1048,36.87817782917155
1851,1088,1056,24.698178070456937
1852,1113,1137,31.064449134018133
1853,1113,1048,42.01190307520001
1854,1023,959,41.30375285612676
1855,1023,1048,33.54101966249684
1856,1023,988,26.1725046566048
1857,959,940,17.029386365926403
1858,959,988,31.827660925679098
1859,934,940,18.439088914585774
1860,934,988,39.45883931389772
1861,934,960,33.83784863137726
1862,940,988,37.0
1863,1009,1048,35.805027579936315
1864,1009,1056,26.30589287593181
1865,1009,988,43.01162633521314
1866,1009,960,33.734255586866
1867,1009,969,32.802438933713454
1868,1009,1012,30.265491900843113
1869,1048,1056,33.37663853655727
1870,1048,988,36.05551275463989
1871,988,960,39.44616584663204
1872,960,969,27.892651361962706
1873,969,1012,31.622776601683793
1874,1411,1430,21.2602916254693
1875,1411,1409,27.892651361962706
1876,1411,1387,25.0
1877,1411,1436,19.924858845171276
1878,1411,1405,18.35755975068582
1879,1481,1456,30.675723300355934
1880,1481,1474,31.32091952673165
1881,430,482,62.80127387243033
1882,430,418,25.96150997149434
1883,430,427,30.01666203960727
1884,430,386,33.28663395418648
1885,427,482,43.829214001622255
1886,427,372,38.48376280978771
1887,427,404,32.69556544854363
1888,427,386,29.546573405388315
1889,404,372,26.076809620810597
1890,404,436,36.68787265568828
1891,368,440,60.166435825965294
1892,368,334,24.331050121192877
1893,368,436,43.41658669218482
1894,334,297,37.05401462729781
1895,436,440,30.870698080866262
1896,711,681,36.124783736376884
1897,623,640,31.622776601683793
1898,640,681,54.56189146281496
1899,1091,1047,34.713109915419565
1900,1091,1098,33.734255586866
1901,1091,1129,34.40930106817051
1902,1129,1098,24.698178070456937
1903,1129,1121,24.331050121192877
1904,1433,1458,28.284271247461902
1905,1433,1436,28.160255680657446
1906,1433,1450,24.698178070456937
1907,1433,1406,26.476404589747453
1908,1433,1405,30.805843601498726
1909,1458,1454,26.076809620810597
1910,1458,1436,18.788294228055936
1911,1458,1450,41.593268686170845
1912,1436,1430,22.561028345356956
1913,1436,1454,23.430749027719962
1914,1436,1405,29.732137494637012
1915,1450,1406,42.15447781671598
1916,1406,1405,23.021728866442675
1917,1405,1387,27.459060435491963
1918,924,978,42.2965719651132
1919,924,929,4105.0
1920,1087,1111,65.96969000988257
1921,1112,1053,37.21558813185679
1922,1112,1051,49.09175083453431
1923,1112,1082,37.73592452822641
1924,1053,1036,29.966648127543394
1925,1053,1051,23.345235059857504
1926,1053,982,44.91102314577124
1927,1053,1082,39.81205847478876
1928,1036,1033,26.019223662515376
1929,1036,1082,31.32091952673165
1930,1033,1054,18.867962264113206
1931,1033,1082,35.35533905932738
1932,1029,1060,20.248456731316587
1933,1029,1051,30.463092423455635
1934,1029,982,50.47771785649585
1935,1029,992,26.570660511172846
1936,1029,1111,57.697486947006624
1937,1060,1051,17.72004514666935
1938,1060,1111,50.20956084253277
1939,1051,982,42.37924020083418
1940,982,992,51.088159097779204
1941,992,929,54.037024344425184
1942,992,909,52.46903848937962
1943,741,774,33.301651610693426
1944,741,767,23.769728648009426
1945,741,722,40.162171256046406
1946,741,744,40.44749683231337
1947,774,767,28.071337695236398
1948,774,744,26.1725046566048
1949,1224,1270,48.60041152089147
1950,1224,1242,49.040799340956916
1951,1224,1228,19.6468827043885
1952,1270,1242,17.0
1953,261,251,28.0178514522438
1954,261,264,35.05709628591621
1955,261,239,29.274562336608895
1956,261,297,29.410882339705484
1957,264,219,37.48332962798263
1958,264,239,41.10960958218893
1959,267,257,20.0
1960,267,297,48.54894437575342
1961,267,251,32.449961479175904
1962,297,251,46.17358552246078
1963,186,210,29.0
1964,186,223,40.496913462633174
1965,186,201,55.78530272392541
1966,584,629,36.61966684720111
1967,584,590,16.492422502470642
1968,584,546,36.61966684720111
1969,584,555,28.178005607210743
1970,656,629,18.788294228055936
1971,656,688,38.58756276314948
1972,629,590,45.221676218380054
1973,629,688,51.419840528729765
1974,629,660,60.40695324215582
1975,590,660,50.15974481593781
1976,590,628,42.638011210655684
1977,590,587,18.027756377319946
1978,590,555,29.154759474226502
1979,598,659,42.20189569201838
1980,598,643,41.773197148410844
1981,598,612,32.89376840679705
1982,598,634,43.56604182158393
1983,598,581,19.4164878389476
1984,598,560,39.824615503479755
1985,659,643,39.293765408777
1986,659,634,32.449961479175904
1987,643,612,20.223748416156685
1988,643,627,41.773197148410844
1989,612,560,42.42640687119285
1990,634,581,39.96248240537617
1991,581,560,45.617978911828175
1992,560,529,31.906112267087632
1993,560,566,27.459060435491963
1994,560,497,52.3450093132096
1995,560,524,58.66856057549052
1996,873,828,36.0
1997,873,929,38.8329756778952
1998,873,874,22.090722034374522
1999,873,909,29.068883707497267
2000,828,874,40.496913462633174
2001,929,909,42.20189569201838
2002,874,909,24.186773244895647
2003,298,266,35.84689665786984
2004,275,266,23.706539182259394
2005,524,501,20.024984394500787
2006,524,497,50.53711507397311
2007,549,545,18.110770276274835
2008,549,563,18.384776310850235
2009,549,520,26.570660511172846
2010,549,591,32.7566787083184
2011,591,545,35.73513677041127
2012,591,563,34.655446902326915
2013,545,520,35.4682957019364
2014,559,563,20.0
2015,559,583,21.37755832643195
2016,559,486,59.033888572581766
2017,559,520,42.5205832509386
2018,563,583,31.89043743820395
2019,563,520,32.984845004941285
2020,486,520,46.87216658103186
2021,486,477,49.8196748283246
2022,486,448,35.0
2023,374,381,26.248809496813376
2024,374,348,27.730849247724095
2025,374,390,15.297058540778355
2026,374,356,25.0
2027,374,385,34.92849839314596
2028,381,348,35.4682957019364
2029,381,390,28.861739379323623
2030,348,356,33.52610922848042
2031,390,385,31.78049716414141
2032,356,385,26.92582403567252
2033,721,675,38.48376280978771
2034,721,722,24.020824298928627
2035,721,708,23.769728648009426
2036,721,750,25.942243542145693
2037,721,744,28.42534080710379
2038,675,722,34.92849839314596
2039,675,708,46.04345773288535
2040,722,744,19.1049731745428
2041,708,750,33.52610922848042
2042,750,744,34.36568055487916
2043,800,795,49.0
2044,800,824,36.24913792078372
2045,795,854,47.01063709417264
2046,854,891,76.55063683601855
2047,891,877,35.17101079013795
2048,877,824,39.319206502675
2049,1246,1230,21.400934559032695
2050,1246,1280,32.64965543462902
2051,1246,1211,24.331050121192877
2052,1246,1257,19.697715603592208
2053,1230,1280,38.2099463490856
2054,1230,1211,23.706539182259394
2055,1280,1366,108.30050784737807
2056,1280,1320,81.8413098624405
2057,1280,1290,61.29437168288782
2058,1280,1257,42.5440947723653
2059,1211,1257,34.92849839314596
2060,1211,1215,27.294688127912362
2061,1257,1290,31.827660925679098
2062,1257,1252,22.20360331117452
2063,1257,1215,30.870698080866262
2064,1215,1223,33.13608305156178
2065,1215,1252,26.570660511172846
2066,1366,1388,35.805027579936315
2067,1366,1339,23.259406699226016
2068,1366,1320,43.0
2069,1367,1388,29.732137494637012
2070,1367,1327,35.84689665786984
2071,1367,1339,46.52956049652737
2072,1388,1339,46.09772228646444
2073,1327,1339,29.154759474226502
2074,1327,1314,22.825424421026653
2075,1327,1300,36.22154055254967
2076,1339,1320,24.166091947189145
2077,1339,1314,34.88552708502482
2078,1269,1254,18.384776310850235
2079,1269,1291,30.0
2080,1269,1310,35.35533905932738
2081,1254,1259,30.01666203960727
2082,1254,1291,25.96150997149434
2083,1259,1278,18.439088914585774
2084,1259,1291,34.713109915419565
2085,1278,1346,66.18912297349165
2086,1278,1313,32.202484376209235
2087,1278,1291,37.0
2088,1346,1332,36.138621999185304
2089,1346,1313,41.593268686170845
2090,1346,1361,55.362442142665635
2091,1430,1454,20.396078054371138
2092,1430,1424,24.73863375370596
2093,1430,1409,23.706539182259394
2094,1456,1474,28.284271247461902
2095,1456,1427,26.076809620810597
2096,1456,1424,32.202484376209235
2097,1454,1474,33.60059523282288
2098,1454,1424,38.2099463490856
2099,1474,1424,46.010868281309364
2100,1382,1427,42.80186911806539
2101,1382,1424,34.36568055487916
2102,1382,1409,20.615528128088304
2103,1382,1369,28.42534080710379
2104,1382,1387,28.071337695236398
2105,1427,1424,21.0
2106,1424,1409,19.849433241279208
2107,1409,1387,26.248809496813376
2108,1369,1387,20.8806130178211
2109,365,372,25.495097567963924
2110,365,346,21.93171219946131
2111,365,386,19.6468827043885
2112,372,386,29.120439557122072
2113,372,346,34.0147027033899
2114,546,526,50.08991914547278
2115,546,555,34.36568055487916
2116,555,587,35.0
2117,555,561,28.071337695236398
2118,555,536,21.95449840010015
2119,535,529,34.92849839314596
2120,535,554,18.439088914585774
2121,535,566,33.94112549695428
2122,535,516,21.633307652783937
2123,529,566,33.52610922848042
2124,529,497,33.97057550292606
2125,529,484,35.510561809129406
2126,1541,1548,27.85677655436824
2127,1541,1528,26.40075756488817
2128,1548,1530,22.80350850198276
2129,1548,1528,21.095023109728988
2130,1528,1530,16.278820596099706
2131,1528,1493,45.27692569068709
2132,1078,1054,21.02379604162864
2133,1078,1047,28.284271247461902
2134,1078,1098,16.401219466856727
2135,1078,1082,42.04759208325728
2136,1078,1107,38.01315561749642
2137,1078,1121,27.073972741361768
2138,1054,1047,29.017236257093817
2139,1054,1082,39.11521443121589
2140,1047,1098,30.805843601498726
2141,1098,1121,20.248456731316587
2142,1082,1107,22.825424421026653
2143,1107,1121,33.37663853655727
2144,219,211,38.8329756778952
2145,219,188,40.0
2146,219,239,26.92582403567252
2147,239,211,22.20360331117452
2148,239,251,29.966648127543394
2149,251,211,34.0147027033899
2150,210,223,18.027756377319946
2151,210,201,34.713109915419565
2152,223,257,29.068883707497267
2153,679,688,60.8276253029822
2154,679,660,25.0
2155,679,716,35.608987629529715
2156,679,687,31.04834939252005
2157,679,628,39.05124837953327
2158,679,627,49.678969393496885
2159,688,660,54.08326913195984
2160,660,628,23.021728866442675
2161,716,687,21.540659228538015
2162,687,627,46.04345773288535
2163,597,628,34.713109915419565
2164,597,587,38.05259518088089
2165,597,561,41.773197148410844
2166,597,554,32.984845004941285
2167,597,627,29.154759474226502
2168,597,566,35.608987629529715
2169,628,587,31.76476034853718
2170,628,627,34.0147027033899
2171,587,561,26.92582403567252
2172,561,516,42.720018726587654
2173,561,554,23.345235059857504
2174,561,536,27.018512172212592
2175,554,566,37.36308338453881
2176,554,516,32.0
2177,266,214,47.853944456021594
2178,171,214,39.11521443121589
2179,448,477,55.47071299343465
2180,448,441,55.14526271584895
2181,322,344,33.28663395418648
2182,322,294,34.48187929913333
2183,322,283,36.05551275463989
2184,322,328,24.186773244895647
2185,322,364,36.87817782917155
2186,344,364,26.90724809414742
2187,294,283,19.924858845171276
2188,294,328,33.734255586866
2189,328,378,61.554853586049575
2190,328,408,67.7421582177598
2191,328,364,45.967379738244816
2192,1223,1240,43.01162633521314
2193,1223,1248,23.021728866442675
2194,1223,1252,32.55764119219941
2195,1240,1300,42.720018726587654
2196,1240,1248,28.635642126552707
2197,1296,1320,34.88552708502482
2198,1296,1290,28.0
2199,1296,1314,24.166091947189145
2200,1296,1300,25.709920264364882
2201,1296,1248,30.364452901377952
2202,1296,1252,38.2099463490856
2203,1320,1290,33.24154027718932
2204,1320,1314,27.51363298439521
2205,1290,1252,26.0
2206,1314,1300,21.93171219946131
2207,1300,1248,38.48376280978771
2208,1248,1252,37.12142238654117
2209,1322,1332,17.204650534085253
2210,1322,1313,29.5296461204668
2211,1322,1291,31.400636936215164
2212,1322,1310,19.79898987322333
2213,1322,1361,39.81205847478876
2214,1322,1326,47.265209192385896
2215,1332,1313,32.2490309931942
2216,1332,1361,30.805843601498726
2217,1313,1291,27.018512172212592
2218,1291,1310,25.495097567963924
2219,1310,1326,38.07886552931954
2220,1361,1326,51.73973328110612
2221,516,536,42.720018726587654
2222,516,474,31.144823004794873
2223,488,482,32.57299494980466
2224,488,526,37.48332962798263
2225,488,502,23.40939982143925
2226,482,526,37.33630940518894
2227,1501,1530,40.607881008493905
2228,1501,1493,20.248456731316587
2229,1530,1493,39.0
2230,190,211,24.186773244895647
2231,190,188,26.1725046566048
2232,190,201,19.697715603592208
2233,211,188,27.784887978899608
2234,211,201,32.69556544854363
2235,477,496,27.202941017470888
2236,477,441,30.59411708155671
2237,477,458,34.438350715445125
2238,496,458,32.28002478313795
2239,501,480,30.23243291566195
2240,501,465,29.154759474226502
2241,501,497,44.10215414239989
2242,497,480,23.600847442411894
2243,497,484,30.675723300355934
2244,426,480,61.84658438426491
2245,426,484,43.0
2246,426,411,20.0
2247,484,480,48.16637831516918
2248,411,480,60.207972893961475
2249,411,414,28.284271247461902
2250,411,378,54.62600113499065
2251,423,435,29.120439557122072
2252,423,408,20.248456731316587
2253,423,441,20.615528128088304
2254,423,364,47.01063709417264
2255,423,458,29.410882339705484
2256,441,458,29.154759474226502
2257,364,408,54.037024344425184
2258,458,465,32.2490309931942
2259,458,435,27.586228448267445
2260,481,416,59.682493245507096
2261,481,440,31.78049716414141
2262,481,502,30.886890422961002
2263,481,474,52.15361924162119
2264,474,416,51.478150704935004
2265,416,440,42.941821107167776
2266,420,480,47.16990566028302
2267,420,465,33.83784863137726
2268,420,414,21.213203435596427
2269,420,435,25.298221281347036
2270,420,378,29.017236257093817
2271,420,408,33.734255586866
2272,480,465,30.463092423455635
2273,480,414,47.16990566028302
2274,465,435,27.294688127912362
2275,414,378,34.058772731852805
2276,435,408,17.4928556845359
2277,378,408,38.8329756778952
